I,Δf,G2,Vsq,VsqU,
4.998,100,5,1.046,,0.04184
4.998,33,5,0.3791,,0.015164
4.998,10,5,0.1171,0.0002,0.004684
8.5,10,5,0.151,0.001,0.00604
8.5,33,5,0.4824,0.0005,0.019296
8.5,100,5,1.306,0.001,0.05224
11,100,4,0.952,0.001,0.0595
11,33,6,0.801,0.001,0.02225
11,10,10,0.709,,0.00709
